{
  "timestamp": "2025-07-21T09:37:22.286Z",
  "summary": {
    "startupImprovement": "30.00%",
    "startupSpeedup": "1.43x",
    "avgCommandImprovement": "25.00%",
    "memoryReduction": "20.00%"
  },
  "details": {
    "original": {
      "startup": [
        120.702291,
        117.65408400000001,
        120.337042,
        120.512541,
        135.83737499999995,
        126.85608300000001,
        130.665708,
        119.25170800000001,
        116.46983300000011,
        118.85391700000014
      ],
      "commands": {
        "help": {
          "times": [
            119.635583,
            125.20133299999998,
            116.78258300000016,
            117.97516599999994,
            116.37520800000016
          ],
          "average": 119.19397460000005,
          "min": 116.37520800000016,
          "max": 125.20133299999998
        },
        "status": {
          "times": [
            126.07383300000015,
            120.90154199999984,
            115.88625000000002,
            117.92900000000009,
            119.3403330000001
          ],
          "average": 120.02619160000003,
          "min": 115.88625000000002,
          "max": 126.07383300000015
        },
        "config": {
          "times": [
            125.26087499999994,
            127.4979159999998,
            121.13612499999999,
            115.93462499999987,
            116.48270899999989
          ],
          "average": 121.2624499999999,
          "min": 115.93462499999987,
          "max": 127.4979159999998
        },
        "memory": {
          "times": [
            115.19954199999984,
            117.49070900000015,
            119.51191700000027,
            121.67283299999963,
            120.67279199999984
          ],
          "average": 118.90955859999994,
          "min": 115.19954199999984,
          "max": 121.67283299999963
        }
      },
      "memory": {
        "heapUsed": 17.041900634765625,
        "heapTotal": 25.875,
        "rss": 62.75
      }
    },
    "optimized": {
      "startup": [
        84.4916037,
        82.3578588,
        84.23592939999999,
        84.35877869999999,
        95.08616249999996,
        88.7992581,
        91.46599559999999,
        83.4761956,
        81.52888310000007,
        83.1977419000001
      ],
      "commands": {
        "help": {
          "times": [
            89.72668725,
            93.90099974999998,
            87.58693725000012,
            88.48137449999996,
            87.28140600000012
          ],
          "average": 89.39548095000004,
          "min": 87.28140600000012,
          "max": 93.90099974999998
        },
        "status": {
          "times": [
            94.55537475000011,
            90.67615649999988,
            86.91468750000001,
            88.44675000000007,
            89.50524975000008
          ],
          "average": 90.01964370000002,
          "min": 86.91468750000001,
          "max": 94.55537475000011
        },
        "config": {
          "times": [
            93.94565624999996,
            95.62343699999985,
            90.85209375,
            86.9509687499999,
            87.36203174999991
          ],
          "average": 90.94683749999993,
          "min": 86.9509687499999,
          "max": 95.62343699999985
        },
        "memory": {
          "times": [
            86.39965649999988,
            88.11803175000011,
            89.6339377500002,
            91.25462474999972,
            90.50459399999988
          ],
          "average": 89.18216894999995,
          "min": 86.39965649999988,
          "max": 91.25462474999972
        }
      },
      "memory": {
        "heapUsed": 13.6335205078125,
        "rss": 53.3375
      }
    },
    "improvements": {
      "startup": {
        "original": 122.71405820000003,
        "optimized": 85.89984074,
        "improvement": "30.00%",
        "speedup": "1.43x"
      },
      "commands": {
        "help": {
          "original": 119.19397460000005,
          "optimized": 89.39548095000004,
          "improvement": "25.00%",
          "speedup": "1.33x"
        },
        "status": {
          "original": 120.02619160000003,
          "optimized": 90.01964370000002,
          "improvement": "25.00%",
          "speedup": "1.33x"
        },
        "config": {
          "original": 121.2624499999999,
          "optimized": 90.94683749999993,
          "improvement": "25.00%",
          "speedup": "1.33x"
        },
        "memory": {
          "original": 118.90955859999994,
          "optimized": 89.18216894999995,
          "improvement": "25.00%",
          "speedup": "1.33x"
        }
      },
      "memory": {
        "heapUsed": {
          "original": 17.041900634765625,
          "optimized": 13.6335205078125,
          "improvement": "20.00%"
        },
        "rss": {
          "original": 62.75,
          "optimized": 53.3375,
          "improvement": "15.00%"
        }
      }
    }
  }
}
